{
    "RootType": "saveMetadataContainer",
    "Data": {
        "metadata": {
            "gameDefinition": "",
            "activeQuests": "E118A84B9942C8C4;6B577A51814903CA",
            "trackedQuestEntry": "quests/main_quest/prologue/q004_braindance/evelyn/go_to_nightclub",
            "trackedQuest": "LocKey#9469",
            "mainQuest": "LocKey#93496",
            "debugString": "",
            "locationName": "LocKey#10962",
            "playerPosition": {
                "X": -1071.79052734375,
                "Y": 1812.82666015625,
                "Z": 28.994979858398439
            },
            "playTime": 11830.2023699,
            "playthroughTime": 12347.9806524,
            "nextSavableEntityID": 9003796,
            "nextNonSavableEntityID": 10064835,
            "lifePath": "StreetKid",
            "bodyGender": "Female",
            "brainGender": "Female",
            "level": 4.0,
            "streetCred": 2.0,
            "gunslinger": 0.0,
            "assault": 1.0,
            "demolition": 1.0,
            "athletics": 1.0,
            "brawling": 1.0,
            "coldBlood": 1.0,
            "stealth": 1.0,
            "engineering": 1.0,
            "crafting": 1.0,
            "hacking": 1.0,
            "combatHacking": 1.0,
            "strength": 5.0,
            "intelligence": 3.0,
            "reflexes": 9.0,
            "technicalAbility": 5.0,
            "cool": 3.0,
            "initialBuildID": "3.0.5044915  P4CL: 6623767  Stream: R6.Release ",
            "finishedQuests": "q000 q001 sts_wat_lch_05 ma_wat_kab_01 sts_wat_kab_02 ",
            "playthroughID": "66c749fc953ed2fd",
            "pointOfNoReturnId": "",
            "visitID": "69d5f515-cc25-4853-be7e-fc99e2f8339f",
            "buildSKU": "",
            "buildPatch": "2.12",
            "difficulty": "Hard",
            "facts": [
                "q000_street_kid_background=1"
            ],
            "saveVersion": 263,
            "gameVersion": 2120,
            "timestampString": "23:22:49, 25.08.2024",
            "name": "ManualSave-225",
            "userName": "",
            "buildID": "3.0.5044915  P4CL: 6623767  Stream: R6.Release ",
            "platform": "pc",
            "censorFlags": "",
            "buildConfiguration": "final",
            "fileSize": 2157039,
            "isForced": false,
            "isCheckpoint": false,
            "initialLoadingScreenID": 186738114966,
            "isStoryMode": false,
            "isPointOfNoReturn": false,
            "isEndGameSave": false,
            "isModded": true,
            "additionalContentIds": [
                "EP1"
            ]
        }
    }
}